Date,Open,High,Low,Close*,Adj Close**,Volume
20-May-21,"1,577.85","1,585.32","1,570.32","1,575.32","1,575.32","185,675,800"
19-May-21,"1,591.22","1,591.32","1,574.28","1,580.52","1,580.52","183,977,300"
18-May-21,"1,583.25","1,591.32","1,580.25","1,591.32","1,591.32","133,726,000"
17-May-21,"1,583.46","1,583.46","1,583.46","1,583.46","1,583.46",-
12-May-21,"1,576.29","1,583.13","1,572.99","1,582.52","1,582.52","125,837,600"
11-May-21,"1,579.31","1,581.26","1,571.96","1,577.64","1,577.64","113,321,700"
10-May-21,"1,587.48","1,591.52","1,580.00","1,583.92","1,583.92","120,560,600"
7-May-21,"1,578.67","1,590.04","1,573.40","1,587.45","1,587.45","135,461,200"
6-May-21,"1,572.09","1,578.33","1,556.00","1,578.33","1,578.33","249,623,100"
5-May-21,"1,591.98","1,592.18","1,575.38","1,575.67","1,575.67","129,302,100"
4-May-21,"1,591.67","1,597.42","1,587.87","1,588.25","1,588.25","121,073,200"
3-May-21,"1,602.09","1,602.09","1,588.89","1,590.73","1,590.73","130,410,800"
30-Apr-21,"1,615.21","1,615.60","1,600.05","1,601.65","1,601.65","218,697,900"
28-Apr-21,"1,606.52","1,608.50","1,597.79","1,608.50","1,608.50","140,500,200"
27-Apr-21,"1,623.21","1,623.25","1,603.82","1,606.68","1,606.68","191,167,600"
26-Apr-21,"1,610.74","1,623.47","1,609.44","1,623.47","1,623.47","214,928,700"
23-Apr-21,"1,607.28","1,610.81","1,605.44","1,608.43","1,608.43","153,568,100"
22-Apr-21,"1,599.89","1,609.10","1,598.19","1,607.73","1,607.73","176,049,300"
21-Apr-21,"1,604.87","1,605.73","1,596.58","1,596.58","1,596.58","141,522,500"
20-Apr-21,"1,600.43","1,607.57","1,591.83","1,607.57","1,607.57","146,388,800"
19-Apr-21,"1,608.11","1,608.62","1,596.05","1,600.29","1,600.29","184,998,100"
16-Apr-21,"1,607.44","1,609.76","1,600.30","1,608.38","1,608.38","247,719,600"
15-Apr-21,"1,599.81","1,608.25","1,597.78","1,608.25","1,608.25","271,930,500"
14-Apr-21,"1,600.19","1,601.37","1,592.87","1,598.28","1,598.28","102,835,400"
13-Apr-21,"1,608.71","1,608.79","1,594.89","1,597.71","1,597.71","118,420,400"
12-Apr-21,"1,613.96","1,613.96","1,603.32","1,608.42","1,608.42","148,809,600"
9-Apr-21,"1,614.95","1,615.49","1,605.37","1,612.25","1,612.25","286,765,100"
8-Apr-21,"1,599.81","1,609.39","1,596.64","1,602.40","1,602.40","270,051,300"
7-Apr-21,"1,584.38","1,600.59","1,580.90","1,600.59","1,600.59","135,168,300"
6-Apr-21,"1,588.27","1,589.06","1,575.18","1,578.91","1,578.91","110,036,800"
5-Apr-21,"1,584.89","1,590.67","1,582.20","1,584.24","1,584.24","62,205,300"
2-Apr-21,"1,586.51","1,588.72","1,582.65","1,585.35","1,585.35","71,636,100"
1-Apr-21,"1,579.97","1,586.26","1,576.33","1,582.64","1,582.64","129,797,600"
31-Mar-21,"1,608.96","1,608.96","1,564.06","1,573.51","1,573.51","282,957,300"
30-Mar-21,"1,606.15","1,610.61","1,601.08","1,609.19","1,609.19","195,281,600"
29-Mar-21,"1,603.59","1,611.28","1,597.83","1,611.28","1,611.28","118,893,300"
26-Mar-21,"1,598.74","1,603.01","1,593.24","1,601.42","1,601.42","98,128,000"
25-Mar-21,"1,607.86","1,608.05","1,594.33","1,597.73","1,597.73","110,480,800"
24-Mar-21,"1,591.66","1,602.77","1,585.44","1,602.40","1,602.40","124,110,000"
23-Mar-21,"1,616.78","1,616.78","1,595.29","1,595.29","1,595.29","164,102,600"
22-Mar-21,"1,628.47","1,628.47","1,616.73","1,616.73","1,616.73","153,698,000"
19-Mar-21,"1,631.04","1,631.04","1,615.16","1,626.19","1,626.19","323,782,900"
18-Mar-21,"1,626.18","1,635.15","1,626.18","1,627.99","1,627.99","174,422,500"
17-Mar-21,"1,625.61","1,625.67","1,616.91","1,624.97","1,624.97","201,888,500"
16-Mar-21,"1,623.80","1,625.52","1,617.92","1,623.96","1,623.96","154,718,200"
15-Mar-21,"1,619.62","1,624.74","1,619.21","1,620.92","1,620.92","151,420,400"
12-Mar-21,"1,630.59","1,632.01","1,615.69","1,615.69","1,615.69","166,695,300"
11-Mar-21,"1,636.73","1,636.73","1,626.23","1,629.41","1,629.41","185,399,900"
10-Mar-21,"1,629.03","1,642.20","1,628.82","1,639.83","1,639.83","229,133,700"
9-Mar-21,"1,615.99","1,625.22","1,612.29","1,624.78","1,624.78","218,665,000"
8-Mar-21,"1,607.48","1,625.69","1,607.48","1,611.81","1,611.81","257,561,700"
5-Mar-21,"1,582.68","1,600.12","1,579.74","1,600.12","1,600.12","232,875,700"
4-Mar-21,"1,588.89","1,590.46","1,577.39","1,581.26","1,581.26","246,614,300"
3-Mar-21,"1,576.90","1,588.45","1,568.65","1,588.45","1,588.45","321,230,300"
2-Mar-21,"1,572.03","1,583.43","1,568.67","1,569.87","1,569.87","311,452,100"
1-Mar-21,"1,578.70","1,584.46","1,563.18","1,567.14","1,567.14","291,083,800"
26-Feb-21,"1,580.97","1,586.23","1,563.56","1,577.75","1,577.75","399,365,000"
25-Feb-21,"1,566.90","1,587.11","1,565.77","1,581.54","1,581.54","349,181,300"
24-Feb-21,"1,571.01","1,581.55","1,557.55","1,557.55","1,557.55","414,859,700"
23-Feb-21,"1,573.67","1,580.68","1,565.05","1,565.05","1,565.05","235,770,800"
22-Feb-21,"1,587.51","1,587.51","1,570.46","1,570.46","1,570.46","179,953,300"
19-Feb-21,"1,580.18","1,584.93","1,573.84","1,584.93","1,584.93","186,226,900"
18-Feb-21,"1,599.31","1,599.31","1,575.84","1,575.84","1,575.84","192,950,300"
17-Feb-21,"1,609.51","1,609.51","1,593.80","1,595.29","1,595.29","194,961,500"
16-Feb-21,"1,612.04","1,613.01","1,605.40","1,606.14","1,606.14","198,115,800"
15-Feb-21,"1,607.00","1,614.92","1,607.00","1,608.07","1,608.07","114,171,800"
11-Feb-21,"1,602.19","1,602.50","1,594.52","1,599.42","1,599.42","69,045,700"
10-Feb-21,"1,586.94","1,596.85","1,586.87","1,596.85","1,596.85","165,986,600"
9-Feb-21,"1,574.67","1,588.96","1,574.23","1,586.13","1,586.13","196,502,000"
8-Feb-21,"1,580.44","1,586.06","1,572.77","1,573.33","1,573.33","184,060,700"
5-Feb-21,"1,587.70","1,590.47","1,574.69","1,578.63","1,578.63","137,659,000"
4-Feb-21,"1,582.10","1,586.55","1,576.33","1,584.90","1,584.90","187,635,200"
3-Feb-21,"1,584.02","1,597.93","1,582.54","1,582.99","1,582.99","278,473,600"
2-Feb-21,"1,575.03","1,585.18","1,571.30","1,580.49","1,580.49","315,294,100"
29-Jan-21,"1,597.16","1,597.52","1,560.54","1,566.40","1,566.40","478,916,100"
27-Jan-21,"1,585.06","1,593.08","1,580.37","1,580.62","1,580.62","247,946,400"
26-Jan-21,"1,590.59","1,609.19","1,575.31","1,575.31","1,575.31","342,432,600"
25-Jan-21,"1,600.54","1,601.54","1,575.88","1,576.62","1,576.62","273,030,500"
22-Jan-21,"1,596.06","1,605.70","1,595.02","1,596.74","1,596.74","218,347,800"
21-Jan-21,"1,608.43","1,615.22","1,594.31","1,594.80","1,594.80","147,155,800"
20-Jan-21,"1,606.55","1,616.84","1,601.54","1,601.54","1,601.54","163,315,800"
19-Jan-21,"1,611.06","1,618.41","1,601.88","1,601.88","1,601.88","137,672,400"
18-Jan-21,"1,625.35","1,625.35","1,608.64","1,609.52","1,609.52","108,538,700"
15-Jan-21,"1,637.27","1,637.88","1,626.25","1,627.01","1,627.01","135,442,000"
14-Jan-21,"1,638.00","1,646.24","1,632.20","1,635.71","1,635.71","211,876,200"
13-Jan-21,"1,617.68","1,637.31","1,617.68","1,636.69","1,636.69","215,713,300"
12-Jan-21,"1,615.84","1,621.10","1,590.71","1,612.04","1,612.04","294,833,700"
11-Jan-21,"1,627.22","1,627.22","1,607.53","1,617.25","1,617.25","312,214,300"
8-Jan-21,"1,601.95","1,633.19","1,595.12","1,633.19","1,633.19","419,320,700"
7-Jan-21,"1,589.53","1,602.95","1,572.62","1,602.95","1,602.95","344,222,000"
6-Jan-21,"1,610.78","1,610.78","1,586.25","1,591.97","1,591.97","177,008,600"
5-Jan-21,"1,603.07","1,608.35","1,589.81","1,608.35","1,608.35","214,185,500"
4-Jan-21,"1,629.01","1,629.17","1,593.12","1,602.57","1,602.57","519,385,300"
31-Dec-20,"1,644.26","1,644.26","1,627.21","1,627.21","1,627.21","122,930,600"
30-Dec-20,"1,635.60","1,645.31","1,631.77","1,644.41","1,644.41","122,722,900"
29-Dec-20,"1,644.37","1,645.76","1,630.83","1,634.99","1,634.99","132,040,100"
28-Dec-20,"1,642.23","1,655.96","1,639.92","1,643.90","1,643.90","97,323,000"
24-Dec-20,"1,649.08","1,649.71","1,636.98","1,641.17","1,641.17","70,670,800"
23-Dec-20,"1,631.55","1,652.59","1,627.53","1,647.50","1,647.50","115,592,000"
22-Dec-20,"1,646.80","1,647.36","1,625.39","1,631.92","1,631.92","170,479,700"
21-Dec-20,"1,651.86","1,657.82","1,641.92","1,647.89","1,647.89","120,517,100"
18-Dec-20,"1,676.84","1,678.11","1,644.80","1,652.49","1,652.49","217,881,000"
17-Dec-20,"1,684.27","1,684.30","1,669.69","1,674.35","1,674.35","149,955,400"
16-Dec-20,"1,694.33","1,695.87","1,679.39","1,681.41","1,681.41","191,726,100"
15-Dec-20,"1,661.54","1,679.10","1,655.88","1,674.02","1,674.02","226,532,100"
14-Dec-20,"1,682.46","1,695.96","1,662.45","1,662.74","1,662.74","361,491,200"
11-Dec-20,"1,660.76","1,689.77","1,660.49","1,684.58","1,684.58","295,540,900"
10-Dec-20,"1,651.67","1,658.07","1,647.65","1,654.39","1,654.39","173,122,000"
9-Dec-20,"1,640.99","1,654.15","1,638.77","1,646.53","1,646.53","246,630,400"
8-Dec-20,"1,625.44","1,631.72","1,624.95","1,631.70","1,631.70","202,623,800"
7-Dec-20,"1,624.07","1,627.59","1,618.98","1,622.89","1,622.89","155,252,700"
4-Dec-20,"1,627.91","1,628.82","1,618.54","1,621.85","1,621.85","156,357,300"
3-Dec-20,"1,601.13","1,628.26","1,599.36","1,628.26","1,628.26","181,778,200"
2-Dec-20,"1,604.49","1,605.60","1,592.93","1,598.72","1,598.72","221,580,800"
1-Dec-20,"1,580.17","1,604.57","1,580.17","1,602.26","1,602.26","218,992,400"
30-Nov-20,"1,606.77","1,614.77","1,562.71","1,562.71","1,562.71","415,540,700"
27-Nov-20,"1,615.20","1,618.68","1,605.68","1,607.59","1,607.59","204,625,000"
26-Nov-20,"1,597.69","1,612.78","1,590.65","1,612.11","1,612.11","184,343,200"
25-Nov-20,"1,582.31","1,600.20","1,582.31","1,597.58","1,597.58","196,393,300"
24-Nov-20,"1,588.53","1,599.98","1,578.39","1,578.39","1,578.39","186,434,400"
23-Nov-20,"1,593.26","1,600.58","1,592.71","1,597.48","1,597.48","139,314,000"
20-Nov-20,"1,584.99","1,599.49","1,579.49","1,593.75","1,593.75","192,318,500"
19-Nov-20,"1,595.79","1,596.55","1,583.68","1,583.68","1,583.68","174,677,700"
18-Nov-20,"1,611.08","1,611.58","1,595.09","1,604.75","1,604.75","237,706,200"
17-Nov-20,"1,599.62","1,613.34","1,593.02","1,610.15","1,610.15","467,715,300"
16-Nov-20,"1,593.35","1,602.23","1,587.06","1,599.66","1,599.66","328,920,300"
13-Nov-20,"1,588.38","1,592.19","1,572.00","1,589.69","1,589.69","178,410,200"
12-Nov-20,"1,565.99","1,592.28","1,558.71","1,590.78","1,590.78","283,572,200"
11-Nov-20,"1,572.69","1,572.69","1,550.44","1,570.08","1,570.08","242,168,200"
10-Nov-20,"1,521.95","1,575.07","1,516.54","1,575.07","1,575.07","592,756,400"
9-Nov-20,"1,521.63","1,533.05","1,513.21","1,524.32","1,524.32","109,245,000"
6-Nov-20,"1,500.80","1,519.64","1,497.32","1,519.64","1,519.64","139,420,600"
5-Nov-20,"1,468.86","1,501.49","1,467.84","1,501.49","1,501.49","128,922,500"
4-Nov-20,"1,464.49","1,473.53","1,462.37","1,464.61","1,464.61","88,912,900"
3-Nov-20,"1,469.11","1,470.69","1,460.60","1,461.45","1,461.45","92,265,300"
2-Nov-20,"1,465.47","1,468.09","1,452.13","1,466.46","1,466.46","114,250,300"
30-Oct-20,"1,494.31","1,494.87","1,461.05","1,466.89","1,466.89","165,737,400"
28-Oct-20,"1,505.48","1,505.64","1,492.11","1,495.20","1,495.20","105,403,500"
27-Oct-20,"1,492.11","1,504.55","1,489.98","1,500.35","1,500.35","140,621,900"
26-Oct-20,"1,495.56","1,497.54","1,482.15","1,494.61","1,494.61","102,464,600"
23-Oct-20,"1,499.76","1,502.67","1,489.83","1,494.64","1,494.64","130,007,200"
22-Oct-20,"1,492.95","1,500.05","1,485.77","1,498.80","1,498.80","163,496,000"
21-Oct-20,"1,512.04","1,513.20","1,492.19","1,492.40","1,492.40","183,844,000"
20-Oct-20,"1,518.50","1,520.97","1,510.69","1,510.97","1,510.97","130,512,500"
19-Oct-20,"1,507.21","1,521.91","1,505.92","1,518.11","1,518.11","132,510,200"
16-Oct-20,"1,519.33","1,520.31","1,503.84","1,503.84","1,503.84","152,911,800"
15-Oct-20,"1,521.44","1,524.03","1,512.96","1,513.95","1,513.95","134,270,100"
14-Oct-20,"1,523.57","1,524.23","1,516.10","1,523.25","1,523.25","217,994,300"
13-Oct-20,"1,514.18","1,527.04","1,512.46","1,525.20","1,525.20","134,541,300"
12-Oct-20,"1,525.92","1,526.02","1,512.74","1,518.43","1,518.43","111,076,300"
9-Oct-20,"1,516.94","1,532.53","1,512.74","1,530.35","1,530.35","87,613,900"
8-Oct-20,"1,495.52","1,519.43","1,495.28","1,519.43","1,519.43","89,887,800"
7-Oct-20,"1,509.24","1,510.35","1,489.56","1,489.56","1,489.56","136,587,800"
6-Oct-20,"1,515.70","1,522.32","1,508.18","1,509.47","1,509.47","114,933,600"
5-Oct-20,"1,501.08","1,513.37","1,498.81","1,512.43","1,512.43","147,917,700"
2-Oct-20,"1,494.84","1,501.85","1,489.66","1,500.30","1,500.30","122,647,500"
1-Oct-20,"1,501.58","1,503.86","1,491.13","1,496.77","1,496.77","84,881,100"
30-Sep-20,"1,505.77","1,512.95","1,497.78","1,504.82","1,504.82","110,856,400"
29-Sep-20,"1,512.75","1,517.33","1,503.90","1,503.90","1,503.90","171,248,200"
28-Sep-20,"1,510.26","1,519.05","1,507.35","1,511.66","1,511.66","126,847,900"
25-Sep-20,"1,507.95","1,516.00","1,505.05","1,509.14","1,509.14","161,816,600"
24-Sep-20,"1,494.72","1,506.60","1,492.98","1,500.80","1,500.80","209,154,000"
23-Sep-20,"1,507.29","1,509.15","1,491.17","1,496.48","1,496.48","145,529,900"
22-Sep-20,"1,495.28","1,511.90","1,494.93","1,505.78","1,505.78","135,822,100"
21-Sep-20,"1,510.42","1,511.77","1,496.97","1,499.43","1,499.43","156,236,400"
18-Sep-20,"1,511.78","1,524.07","1,503.43","1,506.63","1,506.63","284,135,400"
17-Sep-20,"1,541.14","1,541.14","1,508.01","1,513.07","1,513.07","314,591,800"
15-Sep-20,"1,510.36","1,532.04","1,503.19","1,531.28","1,531.28","182,127,100"
14-Sep-20,"1,513.43","1,515.66","1,506.41","1,511.36","1,511.36","247,327,400"
11-Sep-20,"1,486.23","1,505.89","1,477.47","1,504.85","1,504.85","323,100,600"
10-Sep-20,"1,502.22","1,504.03","1,474.23","1,490.12","1,490.12","280,828,000"
9-Sep-20,"1,505.74","1,505.74","1,490.53","1,496.72","1,496.72","233,845,100"
8-Sep-20,"1,518.50","1,519.32","1,494.19","1,519.32","1,519.32","177,379,900"
7-Sep-20,"1,514.63","1,520.89","1,507.57","1,516.38","1,516.38","94,876,900"
4-Sep-20,"1,504.62","1,519.28","1,498.72","1,515.86","1,515.86","123,115,500"
3-Sep-20,"1,540.64","1,544.18","1,507.58","1,515.40","1,515.40","227,392,200"
2-Sep-20,"1,525.12","1,537.54","1,523.69","1,537.54","1,537.54","146,423,000"
1-Sep-20,"1,541.55","1,541.99","1,520.20","1,521.43","1,521.43","215,671,500"
28-Aug-20,"1,555.05","1,558.29","1,525.21","1,525.21","1,525.21","265,628,700"
27-Aug-20,"1,548.21","1,554.78","1,544.12","1,554.78","1,554.78","132,430,100"
26-Aug-20,"1,554.75","1,558.95","1,538.26","1,549.58","1,549.58","129,083,600"
25-Aug-20,"1,563.35","1,569.58","1,552.92","1,554.96","1,554.96","125,072,300"
24-Aug-20,"1,578.55","1,581.27","1,567.10","1,568.58","1,568.58","119,426,200"
21-Aug-20,"1,574.79","1,579.01","1,568.98","1,577.12","1,577.12","194,313,500"
19-Aug-20,"1,576.38","1,584.36","1,570.70","1,575.38","1,575.38","108,285,500"
18-Aug-20,"1,559.64","1,577.85","1,557.25","1,577.85","1,577.85","122,344,500"
17-Aug-20,"1,561.94","1,567.55","1,543.04","1,560.74","1,560.74","102,190,000"
14-Aug-20,"1,578.79","1,579.63","1,561.18","1,564.59","1,564.59","113,661,000"
13-Aug-20,"1,564.13","1,576.42","1,561.17","1,576.42","1,576.42","103,047,400"
12-Aug-20,"1,558.82","1,564.38","1,539.61","1,556.64","1,556.64","147,372,000"
11-Aug-20,"1,580.17","1,581.93","1,564.74","1,564.74","1,564.74","80,677,300"
10-Aug-20,"1,579.29","1,579.29","1,558.07","1,571.66","1,571.66","65,970,000"
7-Aug-20,"1,590.54","1,591.08","1,578.14","1,578.14","1,578.14","78,209,400"
6-Aug-20,"1,577.47","1,588.57","1,575.40","1,588.57","1,588.57","88,750,000"
5-Aug-20,"1,578.82","1,579.91","1,566.87","1,568.13","1,568.13","115,800,000"
4-Aug-20,"1,578.24","1,580.87","1,549.62","1,575.94","1,575.94","142,530,200"
3-Aug-20,"1,595.01","1,599.34","1,570.18","1,572.61","1,572.61","148,578,200"
30-Jul-20,"1,614.02","1,614.35","1,584.95","1,603.75","1,603.75","126,475,200"
29-Jul-20,"1,610.13","1,618.01","1,589.98","1,611.42","1,611.42","112,190,000"
28-Jul-20,"1,594.64","1,609.94","1,593.24","1,609.94","1,609.94","138,510,800"
27-Jul-20,"1,594.68","1,595.00","1,585.24","1,591.48","1,591.48","89,988,600"
24-Jul-20,"1,603.30","1,605.21","1,585.11","1,589.61","1,589.61","117,983,500"
23-Jul-20,"1,586.97","1,607.80","1,585.45","1,606.42","1,606.42","104,270,000"
22-Jul-20,"1,594.05","1,599.57","1,586.27","1,586.98","1,586.98","118,174,700"
21-Jul-20,"1,588.42","1,601.81","1,587.86","1,595.93","1,595.93","147,303,200"
20-Jul-20,"1,607.35","1,609.02","1,580.39","1,589.45","1,589.45","136,294,000"
17-Jul-20,"1,563.01","1,599.59","1,563.01","1,596.33","1,596.33","181,775,800"
16-Jul-20,"1,583.32","1,599.53","1,572.11","1,573.48","1,573.48","94,192,100"
15-Jul-20,"1,601.52","1,605.26","1,585.56","1,585.56","1,585.56","133,790,000"
14-Jul-20,"1,608.28","1,617.36","1,577.33","1,598.75","1,598.75","144,740,400"
13-Jul-20,"1,596.40","1,608.34","1,595.75","1,606.43","1,606.43","136,029,500"
10-Jul-20,"1,578.92","1,591.84","1,574.08","1,591.84","1,591.84","145,111,600"
9-Jul-20,"1,583.94","1,590.63","1,579.90","1,583.25","1,583.25","164,873,700"
8-Jul-20,"1,562.08","1,584.67","1,562.08","1,583.50","1,583.50","127,417,600"
7-Jul-20,"1,582.03","1,587.64","1,562.88","1,566.72","1,566.72","152,251,200"
6-Jul-20,"1,553.79","1,577.82","1,553.79","1,576.90","1,576.90","120,130,400"
3-Jul-20,"1,543.48","1,552.65","1,538.16","1,552.65","1,552.65","85,868,800"
2-Jul-20,"1,514.78","1,536.36","1,513.21","1,536.28","1,536.28","132,430,200"
1-Jul-20,"1,503.93","1,517.01","1,497.54","1,514.43","1,514.43","114,831,700"
30-Jun-20,"1,493.41","1,509.12","1,492.07","1,500.97","1,500.97","140,817,600"
29-Jun-20,"1,485.19","1,494.97","1,476.28","1,494.43","1,494.43","104,824,100"
26-Jun-20,"1,491.97","1,495.57","1,483.05","1,488.14","1,488.14","94,462,100"
25-Jun-20,"1,494.44","1,498.61","1,484.40","1,489.20","1,489.20","93,460,100"
24-Jun-20,"1,507.38","1,507.38","1,496.99","1,502.63","1,502.63","92,440,000"
23-Jun-20,"1,511.15","1,511.54","1,492.32","1,507.04","1,507.04","109,465,200"
22-Jun-20,"1,505.95","1,511.65","1,502.64","1,511.24","1,511.24","98,222,800"
19-Jun-20,"1,497.96","1,512.94","1,496.79","1,507.26","1,507.26","254,830,200"
18-Jun-20,"1,524.51","1,525.69","1,503.35","1,504.91","1,504.91","200,979,200"
17-Jun-20,"1,527.98","1,528.63","1,510.71","1,526.32","1,526.32","154,681,700"
16-Jun-20,"1,518.92","1,528.76","1,517.47","1,517.71","1,517.71","143,663,500"
15-Jun-20,"1,548.05","1,548.05","1,490.44","1,498.83","1,498.83","218,572,900"
12-Jun-20,"1,512.39","1,546.02","1,509.16","1,546.02","1,546.02","186,027,200"
11-Jun-20,"1,577.65","1,586.22","1,550.90","1,557.25","1,557.25","212,285,100"
10-Jun-20,"1,576.26","1,578.10","1,570.45","1,575.27","1,575.27","165,205,700"
9-Jun-20,"1,572.80","1,590.83","1,567.97","1,575.16","1,575.16","290,834,700"
5-Jun-20,"1,561.17","1,564.13","1,547.57","1,556.33","1,556.33","189,450,200"
4-Jun-20,"1,541.69","1,561.84","1,541.50","1,561.84","1,561.84","261,501,300"
3-Jun-20,"1,515.68","1,542.01","1,492.34","1,538.53","1,538.53","292,940,300"
2-Jun-20,"1,484.51","1,509.74","1,480.17","1,507.69","1,507.69","225,473,000"
29-May-20,"1,450.54","1,473.77","1,448.84","1,473.25","1,473.25","595,843,500"
28-May-20,"1,453.53","1,458.73","1,449.25","1,457.50","1,457.50","189,529,500"
27-May-20,"1,446.91","1,458.24","1,446.42","1,451.73","1,451.73","189,841,100"
22-May-20,"1,451.37","1,451.44","1,435.23","1,436.76","1,436.76","144,048,200"
21-May-20,"1,437.49","1,455.13","1,437.13","1,452.11","1,452.11","168,060,000"
20-May-20,"1,429.26","1,435.12","1,420.18","1,435.12","1,435.12","101,428,000"
19-May-20,"1,419.77","1,428.12","1,418.76","1,423.97","1,423.97","171,866,300"
18-May-20,"1,409.39","1,416.94","1,405.65","1,410.16","1,410.16","100,010,700"
15-May-20,"1,403.47","1,408.19","1,398.71","1,403.44","1,403.44","114,462,900"
14-May-20,"1,400.34","1,411.08","1,388.80","1,397.25","1,397.25","180,103,600"
13-May-20,"1,383.22","1,400.67","1,379.10","1,397.13","1,397.13","186,890,100"
12-May-20,"1,379.44","1,388.41","1,377.56","1,379.93","1,379.93","139,615,300"
8-May-20,"1,382.12","1,392.23","1,382.02","1,382.31","1,382.31","127,071,100"
6-May-20,"1,387.75","1,393.56","1,376.93","1,376.93","1,376.93","105,301,100"
5-May-20,"1,378.75","1,398.07","1,378.75","1,389.55","1,389.55","79,911,100"
4-May-20,"1,388.83","1,388.83","1,375.39","1,376.59","1,376.59","116,486,800"
30-Apr-20,"1,383.96","1,418.42","1,383.96","1,407.78","1,407.78","189,319,500"
29-Apr-20,"1,372.39","1,386.23","1,372.17","1,380.30","1,380.30","122,355,200"
28-Apr-20,"1,371.98","1,377.37","1,367.44","1,372.20","1,372.20","145,151,500"
27-Apr-20,"1,371.60","1,378.40","1,370.16","1,370.16","1,370.16","74,707,700"
24-Apr-20,"1,376.17","1,377.71","1,367.49","1,369.85","1,369.85","143,980,200"
23-Apr-20,"1,388.74","1,395.34","1,378.78","1,381.64","1,381.64","147,390,800"
22-Apr-20,"1,366.40","1,383.09","1,359.54","1,381.89","1,381.89","190,817,200"
21-Apr-20,"1,407.23","1,407.23","1,381.73","1,381.73","1,381.73","166,167,900"
20-Apr-20,"1,411.69","1,428.95","1,411.69","1,413.12","1,413.12","183,669,900"
17-Apr-20,"1,395.55","1,414.67","1,395.55","1,407.34","1,407.34","161,977,100"
16-Apr-20,"1,381.96","13,198.53","1,378.30","1,386.53","1,386.53","162,695,500"
15-Apr-20,"1,375.62","1,394.66","1,375.12","1,387.79","1,387.79","166,219,900"
14-Apr-20,"1,361.01","1,373.80","1,357.83","1,371.66","1,371.66","114,404,000"
13-Apr-20,"1,357.94","1,359.68","1,352.78","1,356.03","1,356.03","73,131,100"
10-Apr-20,"1,361.62","1,362.16","1,354.28","1,357.50","1,357.50","81,993,900"
9-Apr-20,"1,368.89","1,371.35","1,366.53","1,369.76","1,369.76","131,792,500"
8-Apr-20,"1,366.46","1,367.16","1,358.20","1,361.39","1,361.39","149,272,300"
7-Apr-20,"1,355.51","1,369.92","1,352.63","1,369.92","1,369.92","182,160,000"
6-Apr-20,"1,332.61","1,343.05","1,324.43","1,341.69","1,341.69","150,403,500"
3-Apr-20,"1,331.56","1,333.82","1,324.41","1,330.65","1,330.65","138,072,800"
2-Apr-20,"1,320.62","1,332.61","1,316.94","1,330.90","1,330.90","154,382,300"
1-Apr-20,"1,344.90","1,344.90","1,322.66","1,322.66","1,322.66","189,037,100"
31-Mar-20,"1,336.60","1,352.20","1,335.91","1,350.89","1,350.89","260,583,600"
30-Mar-20,"1,336.23","1,336.23","1,317.39","1,328.88","1,328.88","144,260,500"
27-Mar-20,"1,335.57","1,353.35","1,335.57","1,343.09","1,343.09","194,261,000"
26-Mar-20,"1,333.73","1,336.74","1,309.21","1,328.09","1,328.09","173,835,400"
25-Mar-20,"1,322.19","1,341.86","1,304.97","1,324.50","1,324.50","208,580,500"
24-Mar-20,"1,271.34","1,311.22","1,271.34","1,291.14","1,291.14","199,940,700"
23-Mar-20,"1,259.88","1,259.88","1,259.88","1,259.88","1,259.88",-
20-Mar-20,"1,220.54","1,304.55","1,220.54","1,303.28","1,303.28","396,283,500"
19-Mar-20,"1,227.71","1,242.82","1,207.80","1,219.72","1,219.72","280,828,500"
18-Mar-20,"1,254.43","1,275.23","1,226.26","1,239.01","1,239.01","292,176,800"
17-Mar-20,"1,217.28","1,278.43","1,211.95","1,256.58","1,256.58","431,606,800"
16-Mar-20,"1,319.37","1,319.37","1,278.48","1,280.63","1,280.63","343,898,600"
13-Mar-20,"1,363.76","1,369.00","1,320.96","1,344.75","1,344.75","442,093,200"
12-Mar-20,"1,431.41","1,432.70","1,419.43","1,419.43","1,419.43","232,856,800"
11-Mar-20,"1,431.35","1,454.00","1,428.59","1,443.83","1,443.83","195,734,000"
10-Mar-20,"1,415.86","1,446.73","1,414.95","1,430.47","1,430.47","220,291,600"
9-Mar-20,"1,459.81","1,459.81","1,422.65","1,424.16","1,424.16","255,462,000"
6-Mar-20,"1,486.84","1,486.84","1,479.74","1,483.10","1,483.10","169,355,600"
5-Mar-20,"1,492.36","1,497.31","1,486.35","1,491.03","1,491.03","140,555,700"
4-Mar-20,"1,478.33","1,491.07","1,474.95","1,489.95","1,489.95","185,113,600"
3-Mar-20,"1,476.30","1,481.36","1,466.90","1,478.64","1,478.64","179,122,500"
2-Mar-20,"1,471.34","1,478.68","1,456.08","1,466.94","1,466.94","231,463,500"
28-Feb-20,"1,484.90","1,494.09","1,473.77","1,482.64","1,482.64","312,195,000"
27-Feb-20,"1,496.73","1,508.27","1,494.94","1,505.59","1,505.59","133,612,600"
26-Feb-20,"1,489.33","1,508.43","1,485.24","1,495.19","1,495.19","199,950,000"
25-Feb-20,"1,481.46","1,503.30","1,481.46","1,500.88","1,500.88","174,202,800"
24-Feb-20,"1,501.47","1,510.42","1,486.71","1,490.06","1,490.06","255,636,600"
21-Feb-20,"1,529.01","1,533.91","1,527.57","1,531.20","1,531.20","106,739,500"
20-Feb-20,"1,537.10","1,540.18","1,531.15","1,534.98","1,534.98","125,662,200"
19-Feb-20,"1,539.22","1,539.90","1,530.83","1,534.16","1,534.16","100,665,400"
18-Feb-20,"1,536.51","1,537.87","1,532.89","1,537.08","1,537.08","100,882,100"
17-Feb-20,"1,542.97","1,545.92","1,537.12","1,537.12","1,537.12","75,684,400"
14-Feb-20,"1,538.72","1,544.46","1,534.97","1,544.46","1,544.46","95,266,500"
13-Feb-20,"1,544.75","1,545.92","1,536.76","1,539.16","1,539.16","98,000,800"
12-Feb-20,"1,551.02","1,555.66","1,538.66","1,542.94","1,542.94","182,740,200"
11-Feb-20,"1,544.89","1,554.67","1,543.23","1,551.48","1,551.48","103,140,000"
10-Feb-20,"1,557.07","1,557.07","1,540.11","1,542.80","1,542.80","101,850,300"
7-Feb-20,"1,554.29","1,554.91","1,546.08","1,554.49","1,554.49","124,357,000"
6-Feb-20,"1,540.88","1,555.63","1,540.88","1,552.77","1,552.77","154,660,000"
5-Feb-20,"1,539.64","1,539.89","1,529.10","1,536.79","1,536.79","192,358,700"
4-Feb-20,"1,528.32","1,542.59","1,527.70","1,535.80","1,535.80","167,916,100"
3-Feb-20,"1,522.14","1,528.06","1,517.61","1,521.95","1,521.95","154,060,300"
31-Jan-20,"1,544.25","1,552.46","1,530.69","1,531.06","1,531.06","232,272,000"
30-Jan-20,"1,545.59","1,545.59","1,545.59","1,545.59","1,545.59",-
29-Jan-20,"1,551.63","1,554.42","1,547.94","1,550.47","1,550.47","173,163,500"
28-Jan-20,"1,551.64","1,551.64","1,551.64","1,551.64","1,551.64",-
24-Jan-20,"1,573.60","1,575.21","1,568.64","1,572.81","1,572.81","80,187,200"
23-Jan-20,"1,575.27","1,577.79","1,571.58","1,574.44","1,574.44","109,508,300"
22-Jan-20,"1,584.64","1,595.38","1,576.90","1,577.98","1,577.98","169,768,500"
21-Jan-20,"1,589.29","1,592.59","1,587.10","1,587.33","1,587.33","113,059,900"
20-Jan-20,"1,596.39","1,596.39","1,588.88","1,588.88","1,588.88","82,673,100"
17-Jan-20,"1,586.94","1,595.81","1,586.76","1,595.81","1,595.81","147,653,500"
16-Jan-20,"1,582.12","1,588.23","1,575.77","1,587.88","1,587.88","95,089,400"
15-Jan-20,"1,579.94","1,585.14","1,573.92","1,585.14","1,585.14","84,830,800"
14-Jan-20,"1,584.99","1,587.47","1,571.89","1,580.60","1,580.60","96,081,600"
13-Jan-20,"1,593.10","1,595.24","1,581.57","1,584.73","1,584.73","76,066,600"
10-Jan-20,"1,596.65","1,597.85","1,589.07","1,591.46","1,591.46","77,260,800"
9-Jan-20,"1,593.72","1,599.01","1,589.98","1,595.65","1,595.65","97,468,500"
8-Jan-20,"1,604.06","1,604.06","1,587.43","1,589.10","1,589.10","93,682,000"
7-Jan-20,"1,596.56","1,612.60","1,596.42","1,611.04","1,611.04","96,579,400"
6-Jan-20,"1,611.16","1,611.16","1,593.08","1,597.76","1,597.76","57,241,400"
3-Jan-20,"1,606.31","1,612.62","1,604.34","1,611.38","1,611.38","109,697,200"
2-Jan-20,"1,590.98","1,603.72","1,590.98","1,602.50","1,602.50","69,876,500"
31-Dec-19,"1,609.37","1,610.69","1,588.76","1,588.76","1,588.76","104,601,300"
30-Dec-19,"1,609.45","1,617.43","1,608.76","1,615.67","1,615.67","82,149,800"
27-Dec-19,"1,599.93","1,610.91","1,598.48","1,610.61","1,610.61","63,765,200"
26-Dec-19,"1,604.68","1,607.12","1,602.66","1,603.55","1,603.55","22,687,500"
24-Dec-19,"1,613.83","1,613.87","1,602.10","1,604.23","1,604.23","34,847,100"
23-Dec-19,"1,606.45","1,615.11","1,601.23","1,614.18","1,614.18","65,777,100"
20-Dec-19,"1,598.27","1,610.18","1,591.95","1,610.18","1,610.18","170,098,700"
19-Dec-19,"1,587.13","1,603.59","1,585.76","1,596.01","1,596.01","84,325,300"
18-Dec-19,"1,599.11","1,599.11","1,599.11","1,599.11","1,599.11",-
17-Dec-19,"1,571.87","1,576.95","1,564.25","1,576.95","1,576.95","105,202,000"
16-Dec-19,"1,568.43","1,573.41","1,565.59","1,569.35","1,569.35","77,939,800"
13-Dec-19,"1,576.51","1,579.23","1,571.16","1,571.16","1,571.16","125,142,500"
12-Dec-19,"1,559.83","1,572.51","1,559.83","1,567.34","1,567.34","124,138,400"
11-Dec-19,"1,558.76","1,568.03","1,558.76","1,563.19","1,563.19","94,604,400"
10-Dec-19,"1,561.47","1,564.82","1,559.23","1,561.79","1,561.79","72,435,300"
9-Dec-19,"1,566.18","1,567.78","1,560.02","1,562.71","1,562.71","76,676,600"
6-Dec-19,"1,561.58","1,569.01","1,561.58","1,568.44","1,568.44","67,750,300"
5-Dec-19,"1,561.94","1,567.34","1,560.13","1,563.58","1,563.58","102,869,400"
4-Dec-19,"1,553.99","1,560.93","1,550.92","1,560.93","1,560.93","106,194,700"
3-Dec-19,"1,568.85","1,568.85","1,556.17","1,562.27","1,562.27","85,943,900"
2-Dec-19,"1,562.55","1,570.55","1,561.98","1,570.55","1,570.55","75,988,700"
29-Nov-19,"1,585.70","1,585.70","1,560.72","1,561.74","1,561.74","113,618,700"
28-Nov-19,"1,588.08","1,588.51","1,582.28","1,583.77","1,583.77","68,597,800"
27-Nov-19,"1,587.64","1,590.51","1,582.46","1,587.18","1,587.18","72,429,300"
26-Nov-19,"1,589.64","1,595.92","1,583.70","1,583.87","1,583.87","255,822,800"
25-Nov-19,"1,595.08","1,596.30","1,588.72","1,591.35","1,591.35","56,368,900"
22-Nov-19,"1,589.87","1,600.06","1,589.25","1,596.84","1,596.84","93,254,800"
21-Nov-19,"1,601.36","1,601.36","1,587.07","1,592.19","1,592.19","97,583,900"
20-Nov-19,"1,601.42","1,604.38","1,598.32","1,601.14","1,601.14","87,737,000"
19-Nov-19,"1,601.09","1,605.31","1,595.15","1,605.31","1,605.31","80,138,500"
18-Nov-19,"1,593.09","1,604.36","1,592.47","1,604.36","1,604.36","57,599,800"
15-Nov-19,"1,593.79","1,596.85","1,592.22","1,594.75","1,594.75","77,516,500"
14-Nov-19,"1,595.40","1,598.09","1,592.63","1,593.55","1,593.55","83,645,300"
13-Nov-19,"1,610.88","1,610.88","1,593.91","1,597.22","1,597.22","120,634,300"
12-Nov-19,"1,612.18","1,614.21","1,605.71","1,609.73","1,609.73","102,461,500"
11-Nov-19,"1,610.66","1,611.43","1,601.99","1,608.15","1,608.15","87,810,000"
8-Nov-19,"1,607.09","1,614.19","1,606.02","1,609.73","1,609.73","109,606,800"
7-Nov-19,"1,604.85","1,609.33","1,601.18","1,609.33","1,609.33","106,440,400"
6-Nov-19,"1,609.43","1,609.64","1,597.18","1,603.25","1,603.25","86,576,200"
5-Nov-19,"1,599.07","1,606.74","1,597.76","1,606.74","1,606.74","136,828,000"
4-Nov-19,"1,598.28","1,603.56","1,595.20","1,603.56","1,603.56","105,488,800"
1-Nov-19,"1,595.73","1,596.84","1,583.00","1,593.34","1,593.34","88,597,000"
31-Oct-19,"1,579.14","1,599.77","1,579.14","1,597.98","1,597.98","192,718,900"
30-Oct-19,"1,583.00","1,583.00","1,575.33","1,580.00","1,580.00","103,994,200"
29-Oct-19,"1,573.16","1,577.98","1,570.18","1,577.79","1,577.79","136,240,000"
25-Oct-19,"1,572.92","1,573.15","1,567.90","1,570.00","1,570.00","70,214,800"
24-Oct-19,"1,569.47","1,571.43","1,565.64","1,571.11","1,571.11","85,709,400"
23-Oct-19,"1,571.66","1,573.23","1,564.08","1,568.79","1,568.79","81,163,100"
22-Oct-19,"1,570.27","1,574.09","1,567.70","1,574.09","1,574.09","92,716,700"
21-Oct-19,"1,568.78","1,572.06","1,565.08","1,570.93","1,570.93","48,984,300"
18-Oct-19,"1,572.72","1,576.87","1,567.72","1,571.15","1,571.15","102,591,400"
17-Oct-19,"1,573.04","1,577.04","1,569.21","1,574.50","1,574.50","96,261,500"
16-Oct-19,"1,568.10","1,574.90","1,567.87","1,574.90","1,574.90","104,215,600"
15-Oct-19,"1,567.03","1,568.24","1,563.13","1,566.23","1,566.23","84,407,300"
14-Oct-19,"1,562.65","1,568.96","1,562.65","1,567.59","1,567.59","67,604,000"
11-Oct-19,"1,550.96","1,558.26","1,550.96","1,556.84","1,556.84","78,630,200"
10-Oct-19,"1,550.70","1,553.18","1,548.45","1,551.87","1,551.87","69,706,900"
9-Oct-19,"1,554.73","1,555.42","1,548.62","1,551.23","1,551.23","87,647,500"
8-Oct-19,"1,560.46","1,565.16","1,556.21","1,558.79","1,558.79","78,376,500"
7-Oct-19,"1,557.79","1,560.37","1,555.55","1,559.00","1,559.00","44,082,500"
4-Oct-19,"1,563.89","1,564.79","1,551.96","1,557.67","1,557.67","76,431,100"
3-Oct-19,"1,571.96","1,572.04","1,563.13","1,564.12","1,564.12","90,318,700"
2-Oct-19,"1,588.85","1,589.06","1,574.90","1,574.90","1,574.90","87,431,300"
1-Oct-19,"1,584.94","1,589.64","1,583.84","1,589.44","1,589.44","71,303,900"
30-Sep-19,"1,584.26","1,586.69","1,578.53","1,583.91","1,583.91","92,489,700"
27-Sep-19,"1,590.24","1,592.05","1,583.45","1,584.14","1,584.14","73,331,700"
26-Sep-19,"1,589.48","1,593.05","1,589.21","1,593.00","1,593.00","95,044,500"
25-Sep-19,"1,592.52","1,593.99","1,586.14","1,589.58","1,589.58","74,123,200"
24-Sep-19,"1,593.50","1,593.50","1,585.58","1,592.33","1,592.33","100,387,100"
23-Sep-19,"1,597.59","1,597.59","1,590.97","1,592.93","1,592.93","83,778,400"
20-Sep-19,"1,597.61","1,597.61","1,590.02","1,597.41","1,597.41","246,858,500"
19-Sep-19,"1,598.65","1,599.17","1,592.65","1,596.28","1,596.28","82,675,500"
18-Sep-19,"1,599.57","1,599.57","1,594.09","1,599.49","1,599.49","102,870,800"
17-Sep-19,"1,609.92","1,609.97","1,597.09","1,604.30","1,604.30","140,900,100"
13-Sep-19,"1,600.69","1,603.68","1,596.33","1,601.25","1,601.25","87,804,400"
12-Sep-19,"1,603.21","1,608.39","1,601.00","1,601.00","1,601.00","120,542,700"
11-Sep-19,"1,597.88","1,602.30","1,595.28","1,602.30","1,602.30","128,033,000"
10-Sep-19,"1,590.83","1,597.78","1,589.78","1,595.85","1,595.85","174,806,400"
6-Sep-19,"1,601.66","1,606.40","1,599.58","1,604.47","1,604.47","91,206,400"
5-Sep-19,"1,598.17","1,603.79","1,592.84","1,599.75","1,599.75","108,502,500"
4-Sep-19,"1,593.97","1,600.91","1,591.11","1,599.89","1,599.89","95,861,600"
3-Sep-19,"1,612.78","1,616.34","1,591.52","1,591.52","1,591.52","105,352,900"
30-Aug-19,"1,602.24","1,612.14","1,601.59","1,612.14","1,612.14","150,191,400"
29-Aug-19,"1,593.36","1,597.39","1,584.83","1,595.18","1,595.18","92,439,100"
28-Aug-19,"1,590.39","1,592.13","1,585.66","1,589.82","1,589.82","92,700,600"
27-Aug-19,"1,601.40","1,601.40","1,590.84","1,590.84","1,590.84","210,071,500"
26-Aug-19,"1,598.28","1,600.53","1,590.51","1,600.53","1,600.53","89,033,000"
23-Aug-19,"1,595.77","1,609.33","1,594.59","1,609.33","1,609.33","84,127,400"
22-Aug-19,"1,596.26","1,605.53","1,594.17","1,602.47","1,602.47","113,714,400"
21-Aug-19,"1,601.24","1,601.90","1,594.59","1,594.59","1,594.59","96,427,600"
20-Aug-19,"1,598.37","1,603.43","1,597.13","1,602.75","1,602.75","106,942,400"
19-Aug-19,"1,595.51","1,602.03","1,594.84","1,596.45","1,596.45","103,561,700"
16-Aug-19,"1,598.06","1,600.17","1,590.18","1,599.22","1,599.22","110,266,200"
15-Aug-19,"1,584.91","1,600.29","1,581.26","1,600.29","1,600.29","129,951,400"
14-Aug-19,"1,598.36","1,603.04","1,596.82","1,600.31","1,600.31","110,009,700"
13-Aug-19,"1,615.24","1,615.24","1,591.29","1,592.88","1,592.88","149,253,200"
9-Aug-19,"1,613.30","1,620.76","1,613.27","1,615.05","1,615.05","94,084,900"
8-Aug-19,"1,607.18","1,620.65","1,605.84","1,616.02","1,616.02","113,077,000"
7-Aug-19,"1,611.10","1,611.48","1,602.80","1,604.70","1,604.70","366,237,100"
6-Aug-19,"1,592.84","1,617.22","1,588.98","1,611.79","1,611.79","183,727,500"
5-Aug-19,"1,621.12","1,621.68","1,610.41","1,610.41","1,610.41","123,498,200"
2-Aug-19,"1,631.39","1,631.42","1,623.66","1,626.76","1,626.76","116,380,700"
1-Aug-19,"1,628.80","1,639.13","1,627.95","1,639.07","1,639.07","138,091,900"
31-Jul-19,"1,640.92","1,642.73","1,626.32","1,634.87","1,634.87","196,276,700"
29-Jul-19,"1,647.96","1,648.71","1,637.25","1,642.69","1,642.69","78,401,400"
26-Jul-19,"1,653.74","1,653.77","1,647.96","1,647.96","1,647.96","141,697,300"
25-Jul-19,"1,653.74","1,656.58","1,650.32","1,656.58","1,656.58","113,375,000"
24-Jul-19,"1,653.88","1,659.38","1,651.36","1,652.41","1,652.41","154,536,400"
23-Jul-19,"1,654.73","1,658.35","1,654.02","1,655.67","1,655.67","108,738,200"
22-Jul-19,"1,658.28","1,658.28","1,647.70","1,655.40","1,655.40","73,533,400"
19-Jul-19,"1,649.55","1,658.94","1,649.55","1,658.19","1,658.19","86,279,200"
18-Jul-19,"1,657.80","1,659.94","1,648.93","1,648.93","1,648.93","101,531,000"
17-Jul-19,"1,667.50","1,667.79","1,656.76","1,657.53","1,657.53","88,444,600"
16-Jul-19,"1,671.49","1,672.47","1,666.37","1,668.94","1,668.94","93,222,700"
15-Jul-19,"1,670.40","1,672.37","1,664.38","1,672.37","1,672.37","75,675,700"
12-Jul-19,"1,681.03","1,682.04","1,668.99","1,669.45","1,669.45","126,112,400"
11-Jul-19,"1,681.22","1,681.78","1,674.70","1,679.26","1,679.26","85,988,000"
10-Jul-19,"1,682.69","1,683.69","1,674.13","1,678.97","1,678.97","87,430,200"
9-Jul-19,"1,679.15","1,682.87","1,677.98","1,682.87","1,682.87","88,883,400"
8-Jul-19,"1,679.65","1,679.66","1,672.88","1,677.64","1,677.64","79,839,500"
5-Jul-19,"1,687.60","1,687.60","1,677.08","1,682.53","1,682.53","88,226,700"
4-Jul-19,"1,688.65","1,690.81","1,685.64","1,687.48","1,687.48","84,268,400"
3-Jul-19,"1,689.25","1,690.05","1,683.24","1,690.05","1,690.05","102,458,400"
2-Jul-19,"1,685.78","1,694.55","1,684.06","1,691.00","1,691.00","182,396,400"
1-Jul-19,"1,674.91","1,683.62","1,674.91","1,683.62","1,683.62","88,667,200"
28-Jun-19,"1,671.42","1,677.34","1,670.81","1,672.13","1,672.13","120,364,900"
27-Jun-19,"1,670.73","1,676.73","1,670.73","1,672.70","1,672.70","118,539,600"
26-Jun-19,"1,674.23","1,677.17","1,672.59","1,674.49","1,674.49","82,354,800"
25-Jun-19,"1,675.82","1,677.76","1,672.41","1,676.61","1,676.61","111,387,800"
24-Jun-19,"1,679.28","1,679.28","1,674.40","1,676.13","1,676.13","87,859,800"
21-Jun-19,"1,672.24","1,682.23","1,672.09","1,682.23","1,682.23","219,305,100"
20-Jun-19,"1,660.83","1,675.43","1,660.83","1,675.43","1,675.43","132,199,500"
19-Jun-19,"1,654.57","1,666.90","1,652.58","1,666.54","1,666.54","109,775,000"
18-Jun-19,"1,636.66","1,652.76","1,636.18","1,652.76","1,652.76","100,923,800"
17-Jun-19,"1,638.93","1,644.04","1,637.46","1,638.40","1,638.40","84,794,700"
14-Jun-19,"1,649.42","1,649.57","1,636.32","1,638.63","1,638.63","83,903,000"
13-Jun-19,"1,644.08","1,646.22","1,640.30","1,643.74","1,643.74","96,232,000"
12-Jun-19,"1,646.67","1,650.74","1,642.11","1,650.74","1,650.74","90,831,900"
11-Jun-19,"1,655.80","1,657.36","1,649.81","1,651.20","1,651.20","111,042,200"
10-Jun-19,"1,651.93","1,656.00","1,651.85","1,655.47","1,655.47","93,023,500"
7-Jun-19,"1,650.93","1,651.99","1,646.80","1,649.33","1,649.33","102,539,800"
6-Jun-19,-,-,-,-,-,-
5-Jun-19,-,-,-,-,-,-
4-Jun-19,"1,654.02","1,655.89","1,644.09","1,644.09","1,644.09","61,533,700"
3-Jun-19,"1,649.93","1,656.68","1,642.66","1,655.31","1,655.31","105,242,100"
31-May-19,"1,639.76","1,650.76","1,634.14","1,650.76","1,650.76","159,714,600"
30-May-19,"1,620.98","1,639.42","1,620.28","1,636.50","1,636.50","130,813,400"
29-May-19,"1,614.68","1,626.64","1,611.48","1,623.67","1,623.67","116,436,500"
28-May-19,"1,604.26","1,614.57","1,602.15","1,614.57","1,614.57","384,159,000"
27-May-19,"1,604.44","1,604.44","1,597.25","1,601.35","1,601.35","71,164,500"
24-May-19,"1,594.16","1,606.85","1,592.97","1,598.32","1,598.32","99,444,600"
23-May-19,"1,599.94","1,605.13","1,589.79","1,601.87","1,601.87","149,289,000"
21-May-19,"1,608.74","1,614.23","1,603.65","1,603.74","1,603.74","100,448,000"
17-May-19,"1,599.32","1,610.96","1,599.32","1,605.36","1,605.36","85,616,600"
16-May-19,"1,609.22","1,610.78","1,599.19","1,599.19","1,599.19","95,600,000"
15-May-19,"1,601.43","1,617.43","1,601.04","1,611.43","1,611.43","147,144,300"
14-May-19,"1,580.85","1,603.72","1,572.03","1,599.19","1,599.19","173,978,800"
13-May-19,"1,610.55","1,611.47","1,598.60","1,601.09","1,601.09","107,076,500"
10-May-19,"1,615.91","1,620.40","1,610.27","1,610.27","1,610.27","98,812,400"
9-May-19,"1,629.61","1,630.44","1,618.33","1,618.53","1,618.53","133,418,700"
8-May-19,"1,635.56","1,635.56","1,627.38","1,633.55","1,633.55","147,577,400"
7-May-19,"1,626.77","1,641.86","1,626.06","1,639.37","1,639.37","165,442,400"
6-May-19,"1,632.04","1,633.66","1,623.61","1,632.80","1,632.80","64,595,700"
3-May-19,"1,631.53","1,637.41","1,625.56","1,637.30","1,637.30","82,569,700"
2-May-19,"1,642.46","1,644.35","1,631.27","1,632.24","1,632.24","87,894,400"
30-Apr-19,"1,634.62","1,643.45","1,634.54","1,642.29","1,642.29","139,943,400"
29-Apr-19,"1,637.30","1,637.49","1,631.83","1,637.40","1,637.40","63,429,800"
26-Apr-19,"1,638.66","1,639.18","1,632.58","1,638.38","1,638.38","114,937,300"
25-Apr-19,"1,637.34","1,640.13","1,632.51","1,635.68","1,635.68","120,413,200"
24-Apr-19,"1,633.70","1,640.96","1,633.70","1,638.01","1,638.01","134,534,900"
23-Apr-19,"1,624.12","1,629.42","1,620.93","1,627.44","1,627.44","106,178,700"
22-Apr-19,"1,622.56","1,630.91","1,621.16","1,622.06","1,622.06","115,059,500"
19-Apr-19,"1,620.64","1,625.22","1,618.69","1,622.07","1,622.07","75,776,100"
18-Apr-19,"1,617.67","1,620.55","1,609.83","1,619.73","1,619.73","138,129,600"
17-Apr-19,"1,627.07","1,627.77","1,615.53","1,620.90","1,620.90","103,910,200"
16-Apr-19,"1,631.58","1,635.47","1,626.99","1,629.46","1,629.46","90,054,600"
15-Apr-19,"1,634.95","1,638.87","1,630.83","1,631.33","1,631.33","73,256,000"
12-Apr-19,"1,624.53","1,631.09","1,623.44","1,630.17","1,630.17","100,767,200"
11-Apr-19,"1,639.33","1,639.33","1,622.45","1,624.23","1,624.23","105,835,100"
10-Apr-19,"1,641.83","1,642.13","1,635.89","1,639.46","1,639.46","86,807,000"
9-Apr-19,"1,645.19","1,645.56","1,639.21","1,641.94","1,641.94","98,177,100"
8-Apr-19,"1,643.67","1,645.72","1,640.38","1,644.35","1,644.35","83,680,300"
5-Apr-19,"1,645.08","1,645.09","1,640.30","1,641.81","1,641.81","65,502,900"
4-Apr-19,"1,644.01","1,645.61","1,637.57","1,645.07","1,645.07","106,616,000"
3-Apr-19,"1,638.27","1,645.54","1,635.80","1,643.21","1,643.21","81,246,900"
2-Apr-19,"1,633.83","1,639.32","1,630.98","1,632.83","1,632.83","101,492,100"
1-Apr-19,"1,646.43","1,647.59","1,628.44","1,628.66","1,628.66","100,896,200"
29-Mar-19,"1,648.36","1,649.60","1,639.26","1,643.63","1,643.63","142,055,400"
28-Mar-19,"1,642.90","1,645.21","1,638.69","1,641.33","1,641.33","91,661,100"
27-Mar-19,"1,649.17","1,650.22","1,641.89","1,642.73","1,642.73","97,583,500"
26-Mar-19,"1,647.82","1,653.58","1,647.11","1,649.94","1,649.94","103,876,000"
25-Mar-19,"1,652.14","1,654.26","1,648.06","1,649.15","1,649.15","87,635,300"
22-Mar-19,"1,669.58","1,673.45","1,657.01","1,666.66","1,666.66","96,193,500"
21-Mar-19,"1,687.64","1,689.61","1,663.66","1,663.66","1,663.66","118,957,800"
20-Mar-19,"1,683.78","1,687.06","1,680.29","1,684.21","1,684.21","93,870,500"
19-Mar-19,"1,692.48","1,694.89","1,687.68","1,687.68","1,687.68","70,723,100"
18-Mar-19,"1,681.83","1,690.94","1,681.36","1,690.94","1,690.94","87,929,700"
15-Mar-19,"1,674.59","1,683.25","1,672.60","1,680.54","1,680.54","235,527,300"
14-Mar-19,"1,675.66","1,678.88","1,673.47","1,674.52","1,674.52","108,432,300"
13-Mar-19,"1,671.13","1,678.24","1,669.92","1,678.24","1,678.24","106,093,600"
12-Mar-19,"1,667.96","1,672.94","1,666.84","1,671.28","1,671.28","100,522,600"
11-Mar-19,"1,680.14","1,680.18","1,664.63","1,664.63","1,664.63","122,405,500"
8-Mar-19,"1,686.13","1,688.28","1,678.66","1,679.90","1,679.90","111,301,300"
7-Mar-19,"1,682.33","1,690.23","1,682.33","1,686.95","1,686.95","107,349,800"
6-Mar-19,"1,684.98","1,688.33","1,684.08","1,686.82","1,686.82","120,497,300"
5-Mar-19,"1,682.19","1,691.28","1,682.19","1,685.62","1,685.62","106,231,900"
4-Mar-19,"1,688.22","1,698.87","1,688.22","1,693.99","1,693.99","98,568,100"
1-Mar-19,"1,700.45","1,701.05","1,696.71","1,700.76","1,700.76","128,892,800"
28-Feb-19,"1,715.38","1,717.88","1,706.92","1,707.73","1,707.73","208,301,100"
27-Feb-19,"1,717.14","1,717.59","1,709.30","1,713.45","1,713.45","116,938,100"
26-Feb-19,"1,725.57","1,726.00","1,715.15","1,719.00","1,719.00","119,649,500"
25-Feb-19,"1,722.34","1,724.58","1,717.41","1,724.58","1,724.58","108,306,900"
22-Feb-19,"1,730.51","1,732.27","1,716.17","1,721.42","1,721.42","130,778,600"
21-Feb-19,"1,722.37","1,730.68","1,719.67","1,730.68","1,730.68","163,806,400"
20-Feb-19,"1,712.83","1,727.25","1,711.44","1,726.18","1,726.18","179,676,200"
19-Feb-19,"1,694.03","1,710.14","1,693.37","1,706.56","1,706.56","155,030,200"
18-Feb-19,"1,693.92","1,695.61","1,690.19","1,692.74","1,692.74","91,243,800"
15-Feb-19,"1,692.29","1,693.85","1,687.12","1,688.83","1,688.83","113,332,100"
14-Feb-19,"1,684.49","1,689.06","1,682.81","1,689.06","1,689.06","97,867,800"
13-Feb-19,"1,687.73","1,688.46","1,683.61","1,685.30","1,685.30","101,659,700"
12-Feb-19,"1,692.22","1,692.22","1,683.73","1,687.41","1,687.41","109,831,900"
11-Feb-19,"1,688.70","1,689.74","1,681.64","1,688.56","1,688.56","85,843,900"
8-Feb-19,"1,688.51","1,690.43","1,683.71","1,686.52","1,686.52","112,074,900"
7-Feb-19,"1,688.00","1,693.48","1,685.66","1,693.39","1,693.39","79,976,000"
4-Feb-19,"1,698.97","1,699.66","1,683.61","1,683.61","1,683.61","55,504,500"
31-Jan-19,"1,694.86","1,695.40","1,683.53","1,683.53","1,683.53","183,261,900"
30-Jan-19,"1,689.69","1,691.23","1,681.57","1,684.11","1,684.11","111,179,200"
29-Jan-19,"1,694.71","1,694.71","1,688.48","1,690.41","1,690.41","145,706,700"
28-Jan-19,"1,705.41","1,705.50","1,693.63","1,697.50","1,697.50","114,151,100"
25-Jan-19,"1,699.59","1,701.03","1,695.38","1,701.03","1,701.03","130,046,000"
24-Jan-19,"1,689.30","1,694.59","1,686.87","1,693.59","1,693.59","153,312,500"
23-Jan-19,"1,690.76","1,691.23","1,680.84","1,688.14","1,688.14","127,894,400"
22-Jan-19,"1,698.88","1,702.12","1,688.19","1,702.12","1,702.12","128,811,400"
18-Jan-19,"1,682.08","1,692.22","1,681.89","1,692.22","1,692.22","133,706,000"
17-Jan-19,"1,680.21","1,684.24","1,674.36","1,682.97","1,682.97","140,150,900"
16-Jan-19,"1,675.78","1,676.34","1,668.43","1,673.08","1,673.08","111,608,800"
15-Jan-19,"1,674.83","1,679.42","1,672.55","1,679.42","1,679.42","136,098,300"
14-Jan-19,"1,683.05","1,684.19","1,672.27","1,676.16","1,676.16","87,794,700"
11-Jan-19,"1,684.99","1,684.99","1,676.75","1,683.22","1,683.22","139,377,800"
10-Jan-19,"1,677.38","1,681.23","1,669.28","1,678.88","1,678.88","156,200,700"
9-Jan-19,"1,679.06","1,684.08","1,667.83","1,667.83","1,667.83","176,278,400"
8-Jan-19,"1,685.72","1,686.37","1,670.67","1,672.76","1,672.76","176,071,900"
7-Jan-19,"1,674.92","1,687.13","1,673.03","1,679.17","1,679.17","144,668,500"
4-Jan-19,"1,672.58","1,676.55","1,668.15","1,669.78","1,669.78","64,869,000"
3-Jan-19,"1,675.16","1,680.78","1,666.22","1,675.83","1,675.83","69,484,500"
2-Jan-19,"1,693.51","1,694.10","1,666.07","1,668.11","1,668.11","47,769,800"
